Full Name,First Name,Last Name,Job Title,Email Address 1,Email Address Type 1,Email Address 2,Email Address Type 2,Phone Number,Mobile Number,Linkedin URL,Industry,Person City,Person Metro,Person States,Person Country,Person Continent
Ros Seiha,Ros,Seiha,Account Manager,kristenesch1106@comcast.net,Personal,davidn@wasteconnections.com,,(918) 519-8506,,linkedin.com/in/ros-seiha-487b13b2,Accounting,,,,Cambodia,Asia
Kosal Sovann,Kosal,Sovann,Account And Administrator Manager,kristenesch1106@comcast.net,Personal,davidn@wasteconnections.com,,(918) 519-8506,,linkedin.com/in/kosal-sovann-2785853b,Business Supplies And Equipment,,,,Cambodia,Asia
Lay Molika,Lay,Molika,"Manager, Customer Account Management At Dksh",kristenesch1106@comcast.net,Personal,davidn@wasteconnections.com,,(918) 519-8506,,linkedin.com/in/lay-molika-0a484830,Consumer Goods,,,,Cambodia,Asia
Varapong Watcharaphongphaithoon,Varapong,Watcharaphongphaithoon,Account Manager,karen.mcgahey@ivari.ca,Personal,,,(571) 215-2138,,linkedin.com/in/varapong-watcharaphongphaithoon-46735a31,Telecommunications,,,,Cambodia,Asia
Sophea Pen,Sophea,Pen,Management Account Manager,eblase@print-art.net,Personal,,,(908) 675-2231,,linkedin.com/in/sophea-pen-a3157732,Telecommunications,,,,Cambodia,Asia
Leang Panharoith,Leang,Panharoith,Accounting Manager,eblase@print-art.net,Personal,,,(908) 675-2231,,linkedin.com/in/leang-panharoith-51841537,Accounting,,,,Cambodia,Asia
Pengleang Sreng,Pengleang,Sreng,Accounting And Tax Manager,eblase@print-art.net,Personal,,,(908) 675-2231,,linkedin.com/in/pengleang-sreng-61999235,Accounting,,,,Cambodia,Asia
Sen Chettana,Sen,Chettana,Accounting Manager,eblase@print-art.net,Personal,,,(908) 675-2231,,linkedin.com/in/sen-chettana-43510977,Banking,,,,Cambodia,Asia
